<xml xmlns:o="urn:schemas-microsoft-com:office:office">
 <o:MainFile HRef="../procesoSolicitud.htm"/>
 <o:File HRef="themedata.thmx"/>
 <o:File HRef="colorschememapping.xml"/>
 <o:File HRef="image001.jpg"/>
 <o:File HRef="image002.jpg"/>
 <o:File HRef="image006.emz"/>
 <o:File HRef="image004.gif"/>
 <o:File HRef="oledata.mso"/>
 <o:File HRef="image005.jpg"/>
 <o:File HRef="image008.jpg"/>
 <o:File HRef="image007.jpg"/>
 <o:File HRef="image012.jpg"/>
 <o:File HRef="filelist.xml"/>
</xml>