<xml xmlns:o="urn:schemas-microsoft-com:office:office">
 <o:MainFile HRef="../FAQ.htm"/>
 <o:File HRef="item0028.xml"/>
 <o:File HRef="props0029.xml"/>
 <o:File HRef="themedata.thmx"/>
 <o:File HRef="colorschememapping.xml"/>
 <o:File HRef="image001.emz"/>
 <o:File HRef="image002.gif"/>
 <o:File HRef="oledata.mso"/>
 <o:File HRef="image003.emz"/>
 <o:File HRef="image004.gif"/>
 <o:File HRef="image005.jpg"/>
 <o:File HRef="image006.png"/>
 <o:File HRef="image007.jpg"/>
 <o:File HRef="image008.emz"/>
 <o:File HRef="image009.gif"/>
 <o:File HRef="image010.emz"/>
 <o:File HRef="image011.gif"/>
 <o:File HRef="image012.emz"/>
 <o:File HRef="image013.gif"/>
 <o:File HRef="image014.png"/>
 <o:File HRef="image024.jpg"/>
 <o:File HRef="image016.png"/>
 <o:File HRef="image025.jpg"/>
 <o:File HRef="image018.emz"/>
 <o:File HRef="image019.gif"/>
 <o:File HRef="image020.png"/>
 <o:File HRef="image026.jpg"/>
 <o:File HRef="image022.png"/>
 <o:File HRef="image027.jpg"/>
 <o:File HRef="filelist.xml"/>
</xml>